Topic,Count,Name,Representation,Representative_Docs
-1,114,-1_dados_sistema_anlise_so,"['dados', 'sistema', 'anlise', 'so', 'ferramentas', 'uso', 'sobre', 'grande', 'usurios', 'objetivo']","['com o crescimento do mercado fitness, a crescente conscientização sobre hábitos saudáveis torna-se cada vez mais comum o uso das tecnologias da informação para auxiliar o gerenciamento deste modo de vida. entretanto, dificilmente os aplicativos de gerenciamento de treino oferecem a possibilidade de um profissional de educação física se conectar com seu aluno para que o treino seja criado e acompanhado, em sua maioria, essa responsabilidade é do próprio estudante, que na maioria dos casos, não possui o conhecimento necessário. perante o exposto, surgiu o tema principal para este trabalho, o desenvolvimento de uma aplicação que auxilia pessoas adeptas deste modo de vida saudável a realizar o gerenciamento de suas atividades físicas e que permita a conexão de personal-trainers com seus alunos. o aplicativo disponibilizado para android, foi desenvolvido em flutter, um framework open source, e para armazenamento de dados, um servidor remoto utilizando firebase. o objetivo do aplicativo é fornecer uma aplicação mobile na qual o usuário poderá estabelecer o contato com seu profissional de educação física para facilitar o gerenciamento de suas atividades físicas, de modo que aborda os processos de desenvolvimento de software, desde a fase de levantamento e análise de requisitos, projeto, implementação e por fim implantação.', 'existem diversas barreiras a serem encontradas e resolvidas em sites eletrônicos que atingem principalmente as pessoas com deficiência. ao utilizar a web e seus recursos, as pessoas com deficiência ou limitações deparam-se com obstáculos que dificultam e, muitas vezes, impossibilitam o acesso a páginas. o conceito de acessibilidade digital pressupõe que os sites e portais sejam projetados de modo que todas as pessoas possam perceber, entender e interagir de maneira efetiva nos sítios eletrônicos. o governo federal do brasil tem investido em serviços e distribuição de informação pela internet e, atualmente, existe um número considerável de sites oficiais do governo federal com serviços e informações que podem ser extraídas através de ferramentas e documentos que auxiliam e orientam profissionais na construção, adequação, avaliação e correção de páginas, sites e serviços, garantindo assim o controle da navegação e o pleno acesso, independentemente das suas capacidades físico-motoras e perceptivas, culturais e sociais. partindo dessa proposta, surgiu a necessidade de verificar a acessibilidade dos sites oficiais da universidade federal de campina grande. para isso, será realizado um estudo sobre os conceitos de acessibilidade, para que possa ser fornecido sugestões de boas práticas na inclusão de ferramentas de acessibilidade, assim como recomendações para que esses sites se tornem acessíveis. as análises serão feitas a partir do levantamento de uma ferramentas existente para medição de acessibilidade, o google lighthouse - ferramenta automatizada de código aberto para medir a qualidade das páginas da web, que audita o desempenho, a acessibilidade e a otimização do mecanismo de pesquisa de páginas da web.', 'a evasão é um dos maiores problemas do ensino superior público brasileiro, representando um grande desperdício de recursos, como também uma grande perda social. há muitos estudos sobre causas e soluções para este problema, porém sabe-se pouco sobre as trajetórias seguidas por esses alunos após a evasão, para entender melhor a extensão dessas perdas. em particular, para profissões ligadas à área de tecnologia da informação, que não possuem regulamentação no brasil, não é necessário uma formação superior para ingressar no mercado, possibilitando que pessoas que não finalizaram seus cursos sejam absorvidas. nesse contexto, este trabalho pretendeu mapear as trajetórias seguidas pelos evadidos do curso de ciência da computação da universidade federal de campina grande, a fim de verificar em que medida os recursos investidos foram realmente desperdiçados. foi apresentada uma análise preliminar, quantitativa, utilizando a base de dados da instituição, identificando grupos e suas características. posteriormente, dados profissionais e acadêmicos foram coletados da rede social linkedin, agregando informações aos grupos encontrados. a partir da análise qualitativa dessas informações, a pesquisa mostrou que parte dos alunos utilizam os conhecimentos adquiridos no curso, seja assumindo cargos na área de tecnologia da informação, seja em outros cursos de graduação similares. esses resultados, de certa forma, desmistificam a ideia de que os recursos alocados para alunos que evadem de um curso de graduação em ciência da computação são integralmente perdidos.']"
0,42,0_software_projetos_cdigo_bugs,"['software', 'projetos', 'cdigo', 'bugs', 'comentrios', 'testes', 'relatrios', 'reviso', 'bug', 'sutes']","['refatoramentos são a prática em que desenvolvedores alteram seu código de forma que não altere o comportamento do sistema. tal prática costuma vir acompanhada do uso de suítes de regressão para detectar mudanças de comportamento indesejadas em um sistema. porém, tais suítes de teste podem não garantir a detecção de faltas, criando um falso senso de segurança durante refatoramentos, visto que a suíte pode não perceber certas alterações. neste trabalho, propomos uma abordagem que tem por objetivo avaliar tais suítes de teste na sua capacidade de detectar faltas de refatoramento, assim como as comparar com alternativas de geração de suítes de teste automatizadas. para isso, foi realizado um estudo relacionado às faltas do refatoramento extract method, e o desenvolvimento de uma ferramenta que facilita a avaliação de uma suíte de testes, por meio de um plugin da ide eclipse feito com a linguagem de programação java. a partir disso, foram criados mutantes de refatoramento (faltas) e utilizados em um estudo quantitativo, no qual avaliamos as suítes de regressão de diferentes projetos open source, assim como suítes de testes geradas pela ferramenta de geração evosuite. nossos estudos mostraram que existe uma possível relação entre cobertura de testes e detecção de mutantes de refatoramento em um sistema, assim como uma negligência de casos menos comuns durante o desenvolvimento dessas suítes, visto que cerca de , % das faltas de refatoramento injetadas não foram detectadas nas suítes manuais, e , % nas suítes automatizadas, demonstrando que existe espaço para melhoria das suites de teste focadas neste contexto.', 'o github é a plataforma de hospedagem de código e controle de versão mais utilizada atualmente. diariamente, inúmeros projetos são criados, estendidos e modificados por diferentes usuários. entretanto, muitos projetos que possivelmente seriam do interesse de determinados usuários, acabam por passar despercebidos diante da grande quantidade de projetos disponíveis. neste contexto, surge a necessidade de algum mecanismo que possa auxiliar o usuário a encontrar projetos que podem ser de seu interesse. já existe na literatura trabalhos que buscam analisar fatores de interesse com o objetivo de recomendar projetos, entretanto ainda há margem para utilização de outros fatores e critérios na tentativa de obter resultados melhores. para tanto, o presente trabalho busca utilizar features, algumas já propostas na literatura e outras ainda não utilizadas nesse contexto, disponíveis em projetos do github, com o auxílio de algoritmos de learning to rank, para encontrar relações de interesse em projetos e assim recomendá-los para o usuário. verificamos a efetividade de learning to rank para recomendação de projetos usando os algoritmos lambdamart, random forest e coordinate ascent, utilizando como base repositórios e usuários do github. os resultados mostram que a abordagem de learning to rank para recomendação de projetos é promissora e efetiva, ao mesmo tempo que oferece muito espaço para aprimoramento.', 'dentre as atividades típicas de um processo de software, podemos destacar as tarefas de testar, analisar, reportar e corrigir bugs. a realização dessas tarefas é importante para identificar erros comuns ou complexos durante todas as etapas do desenvolvimento, evitando retrabalho e entregando um software com mais qualidade e confiabilidade [ ]. em um relatório de bug, geralmente, seu autor oferece detalhes da anormalidade que vem ocorrendo. tipicamente, um relatório de bug é aberto, o bug é corrigido e o relatório é fechado. contudo, por vezes, é verificado que a correção do bug não foi eficaz, seja por falta de descrição mais objetiva no relatório, seja por dificuldade de entendimento por parte do desenvolvedor. assim, faz-se necessária a reabertura do bug, adicionando tempo no processo de desenvolvimento, tornando o software mais custoso. por isso, é importante investigar o que pode ser feito para mitigar tais problemas. neste trabalho, investigamos as características que levam um bug a ser reaberto. os resultados deste trabalho podem ajudar aos usuários finais e desenvolvedores a melhor escrever relatórios de bugs, bem como aos desenvolvedores a melhor entendê-los e tratá-los. o estudo utilizou um dataset extraído da ferramenta bugzilla.']"
1,41,1_modelos_linguagem_imagens_dados,"['modelos', 'linguagem', 'imagens', 'dados', 'texto', 'natural', 'estudo', 'processamento', 'resultados', 'chatgpt']","['nos últimos anos, avanços na área de inteligência artiicial permitiram desenvolvimento de modelos de processamento de linguagem natural em prol de aplicações em diversos contextos, como a automatização do processo de elaboração de questões sobre temas especíicos. atualmente, existem modelos capazes de formular questões sobre um tópico qualquer após receber como entrada um texto relevante. tais projetos possuem grande potencial auxiliar no contexto educacional, entretanto, ainda existe carência de um sistema que forneça a seus usuários uma maneira fácil e intuitiva de utilizar esses modelos. esse trabalho tem como objetivo o desenvolvimento de uma aplicação web que supra essa necessidade, incorporando modelos de processamento de linguagem natural que recebem como entrada um texto e geram para o usuário uma lista de perguntas relevantes ao tema. a utilização da aplicação web também traz a oportunidade de obter feedback dos usuários sobre a qualidade das perguntas geradas, informação que pode ser utilizada para retroalimentação e aprimoramento dos modelos utilizados.', 'avanços recentes em modelos de linguagem de grande escala (llms) expandiram significativamente as capacidades da inteligência artificial (ia) em tarefas de processamento de linguagem natural. no entanto, seu desempenho em domínios especializados, como a ciência da computação, permanece relativamente pouco explorado. este estudo investiga se os llms podem igualar ou superar o desempenho humano no poscomp, um exame brasileiro prestigiado usado para admissões de pós-graduação em ciência da computação. quatro llms-chatgpt- , gemini . advanced, claude sonnet e le chat mistral large-foram avaliados nos exames poscomp de e . a avaliação consistiu em duas análises: uma envolvendo interpretação de imagens e outra somente de texto, para determinar a proficiência dos modelos em lidar com questões complexas típicas do exame. os resultados indicaram que os llms tiveram um desempenho significativamente melhor nas questões baseadas em texto, com a interpretação de imagens representando um grande desafio. por exemplo, na avaliação baseada em imagens, o chatgpt- respondeu corretamente de perguntas, enquanto o gemini . advanced conseguiu apenas respostas corretas. na avaliação baseada em texto de , o chatgpt- liderou com respostas corretas, seguido por gemini . advanced ( ), le chat mistral ( ) e claude sonnet ( ). o exame de mostrou tendências semelhantes.', 'modelos de linguagem de grande escala (llms), como o chatgpt, claude e llama , revolucionaram o processamento de linguagem natural, criando novos casos de uso para aplicações que utilizam esses modelos em seus fluxos de trabalho. no entanto, os altos custos computacionais desses modelos acarretam problemas de custo e latência, impedindo a escalabilidade de funcionalidades baseadas em llm para muitos serviços e produtos, especialmente quando dependem de modelos com melhores capacidades de raciocínio, como o gpt- ou o claude opus. além disso, muitas consultas a esses modelos são duplicadas. o cache tradicional é uma solução natural para esse problema, mas sua incapacidade de determinar se duas consultas são semanticamente equivalentes leva a baixas taxas de cache hit. neste trabalho, propomos explorar o uso de cache semântico, que considera o significado das consultas em vez de sua formulação exata, para melhorar a eficiência de aplicações baseadas em llm. realizamos um experimento usando um conjunto de dados real da alura, uma empresa brasileira de educação, em um cenário onde um aluno responde a uma pergunta e o gpt- corrige a resposta. os resultados mostraram que , % das solicitações feitas ao llm poderiam ter sido atendidas a partir do cache usando um limiar de similaridade de . , com uma melhoria de - vezes na latência. esses resultados demonstram o potencial do cache semântico para melhorar a eficiência de funcionalidades baseadas em llm, reduzindo custos e latência enquanto mantém os benefícios de modelos avançados de linguagem como o gpt- . essa abordagem poderia possibilitar a escalabilidade de funcionalidades baseadas em llm para uma gama mais ampla de aplicações, avançando na adoção desses modelos poderosos em diversos domínios.']"
2,35,2_alunos_estudantes_grande_universidade,"['alunos', 'estudantes', 'grande', 'universidade', 'ufcg', 'campina', 'computao', 'disciplinas', 'sistema', 'acadmico']","['o período de matrículas pode ser fonte de estresse e ansiedade para muitos graduandos da universidade federal de campina grande (ufcg). é comum estudantes ficarem confusos quanto a quais matérias serão cursadas no próximo semestre, isso devido a choques de horários, pré-requisitos e/ou preferências pessoais. este trabalho tem o objetivo de desenvolver o planejáufcg, um sistema online para o planejamento de matrículas dos graduandos. com o sistema, é possível que o estudante envie seu histórico acadêmico e, a partir dos pré-requisitos entre as disciplinas, dos horários destas e também das informações extraídas do histórico enviado, selecione quais disciplinas ele pode cursar no período vindouro. a aplicação permite, dessa forma, que os alunos montem de forma mais visual e consciente as suas matrículas. os resultados obtidos indicam uma alta satisfação dos usuários com a simplicidade e usabilidade do planejáufcg. para a evolução do sistema, alguns usuários sugeriram melhorias em questões relacionadas à acessibilidade na usabilidade da aplicação e também novas funcionalidades para o sistema.', 'a unidade acadêmica de sistemas e computação (uasc) possui (onze) laboratórios focados em diversas áreas da tecnologia e estes adotam processos seletivos para alocação de discentes em seus projetos. a maioria das ofertas de vagas feitas pelos docentes para esses projetos é realizada via e-mail acadêmico, onde estas podem passar despercebidas por diferentes motivos e, além disso, não estão centralizadas em uma plataforma que contenha todas as chamadas para projetos. portanto, há uma lacuna a ser resolvida principalmente no que diz respeito à gestão destas seleções, tanto pelos professores, quanto pelos alunos. este trabalho tem a proposta de desenvolver o vivagas, uma plataforma que tem como objetivo principal facilitar a gestão de todo o processo seletivo mencionado anteriormente. o vivagas oferece funcionalidades tanto para professores quanto para alunos. professores publicam vagas, buscam e filtram alunos com base em seus perfis e conhecimentos, e realizam o processo seletivo de forma eficiente. já os alunos têm acesso à visualização de vagas disponíveis, podem filtrá-las com base em critérios como área de atuação e candidatar-se nas vagas disponíveis. a avaliação da plataforma foi realizada utilizando o think aloud protocol, que consiste em um teste de pensamento em voz alta no qual o usuário faz uso do sistema. além disso, testes foram realizados através da versão adaptada do questionário csuq com objetivo de recolher métricas de usabilidade de um dado sistema. também foi utilizado a ferramenta lighthouse que realiza auditorias automatizadas em páginas da web. os resultados do lighthouse indicaram áreas de otimização, mas destacaram a ótima acessibilidade, práticas de desenvolvimento e otimização. o csuq refletiu uma avaliação bastante positiva. da mesma forma, o think aloud protocol forneceu insights valiosos e clareza do fluxo de usabilidade. em suma, a avaliação geral apontou para bons resultados e uma excelente usabilidade do vivagas.', 'os dias que antecedem a semana de matrículas da universidade federal de campina grande é o período em que os alunos dedicam parte do seu tempo organizando seus horários e planejando quais disciplinas pretendem cursar no próximo semestre. nesse período, as coordenações disponibilizam listas, através do sistema de “controle acadêmico” da universidade, com os dados de professores e horários para as disciplinas daquele semestre. esse trabalho tem o intuito de auxiliar o planejamento dos horários para o período de matrículas dos cursos de graduação na universidade federal de campina grande, com o desenvolvimento de um sistema web que permite o aluno organizar e planejar suas disciplinas através de uma interface agradável e que proporcione uma melhor experiência para a matrícula. para verificar a satisfação dos usuários quanto a usabilidade do sistema foi realizado um levantamento, utilizando o computer system usability questionnaire, que analisando as médias das respostas, foi obtido, na maioria dos itens, valores entre e , sendo o valor máximo, que apontam bons indicadores e alto nível de satisfação.']"
3,27,3_nuvem_recursos_ambiente_arquitetura,"['nuvem', 'recursos', 'ambiente', 'arquitetura', 'infraestrutura', 'monitoramento', 'servio', 'gerenciamento', 'tempo', 'uso']","['os contêineres são uma solução amplamente adotada na indústria de tecnologia, graças à sua flexibilidade e escalabilidade. nesse contexto, a gestão eficiente dos contêineres é essencial para garantir a disponibilidade e o desempenho do sistema. por esse motivo, há uma grande variedade de ferramentas de gerenciamento disponíveis, cada uma adequada para diferentes casos de uso. o objetivo deste estudo é analisar e comparar o desempenho de duas das principais ferramentas de orquestração de containers, o docker swarm e o kubernetes, em ambientes de nuvem. para realizar esta análise comparativa de desempenho, serão realizados testes de carga em ambas as plataformas e os resultados serão comparados. os testes serão executados em um ambiente de nuvem pública, com diferentes tamanhos de cluster e cargas de trabalho. os critérios de avaliação serão seis: complexidade de configuração, tempo de implantação de containers, escalabilidade, uso de recursos de cpu e memória e disponibilidade. os resultados dessa análise comparativa de desempenho permitirão contribuir para a identificação de qual ferramenta é mais adequada para diferentes cenários e cargas de trabalho.', 'o laboratório de sistemas distribuídos (lsd) é responsável por gerenciar a nuvem privada do uasc/ufcg. para manter essa nuvem privada, o lsd enfrentou desaios no gerenciamento dos recursos da nuvem, especialmente na visualização de dados e na geração de novos relatórios para os responsáveis pelos projetos que usam esses recursos. anteriormente, a ferramenta utilizada era o shylock, mas ela apresentava diiculdades na geração de relatórios sobre a quantidade e o consumo de recursos da nuvem, pois gerava apenas um relatório por dia. além disso, a criação de relatórios era um processo complexo que exigia a criação de um novo modelo jinja e a codiicação de variáveis. dado os déicits encontrados no sistema atual, o redash foi a plataforma selecionada para supri-los. o redash resolve a diiculdade de visualização dos dados analisados através da criação de dashboards para a visualização e monitoramento dos recursos da nuvem em tempo real. ao incluir as informações dos dashboards criados no redash no luxo de trabalho de gerenciamento e monitoramento da nuvem, a facilidade de tomar decisões com base em dados reais e atualizados permitiu uma melhor tomada de decisões sobre o gerenciamento dos recursos da nuvem.', 'no processo de desenvolvimento de software, a aquisição e manutenção de hardware adequado para as necessidades de programação podem resultar em altos custos de investimento de capital. a alternativa de uso de recursos em nuvem oferece flexibilidade, porém o gerenciamento desses recursos pode ser complexo e oneroso, requerendo conhecimentos especializados em operações em nuvem. o problema consiste em gerenciar um ambiente de desenvolvimento na nuvem de forma eficiente, evitando altos custos de aquisição e manutenção de hardware próprio, além de simplificar o gerenciamento de recursos ao alugar máquinas na nuvem, buscando minimizar despesas e eliminar a necessidade de expertise complexa em operações em nuvem. propomos o desenvolvimento de uma ferramenta de linha de comando, destinada a simplificar o gerenciamento do ambiente de desenvolvimento de software. essa ferramenta terá a capacidade de criar, configurar e gerenciar recursos na nuvem de forma automatizada e eficiente. uma característica diferencial é a utilização de instâncias preemptivas oferecidas por provedores de nuvem, permitindo aproveitar recursos ociosos a custos ainda mais baixos, sem comprometer a qualidade do ambiente de desenvolvimento. espera-se que o usuário seja capaz de criar ambientes de desenvolvimento utilizando a ferramenta proposta integrando-a com outras soluções já existentes para desenvolvimento de código. ao oferecer uma solução intuitiva, nossa abordagem visa otimizar o ambiente de desenvolvimento, maximizando a economia e eliminando a necessidade de conhecimentos avançados em operações em nuvem por parte da equipe de desenvolvimento. ao final deste trabalho, a usabilidade da ferramenta foi validada e demonstrou ser eficaz na simplificação do gerenciamento dos ambientes. a maioria dos participantes conseguiu gerenciar ambientes com sucesso, destacando a facilidade de uso e a utilidade da documentação fornecida.']"
4,21,4_dados_mercado_sistema_financeiro,"['dados', 'mercado', 'sistema', 'financeiro', 'forma', 'aplicativos', 'financeira', 'esto', 'sangue', 'pandemia']","['é notório o crescimento do ingresso de investidores individuais no mercado financeiro. muitos desses investidores não conseguem discernir corretamente onde devem investir o seu dinheiro para obter uma maior rentabilidade. neste contexto, este trabalho teve como objetivo desenvolver uma aplicação para auxiliar nas decisões de compra e venda de ativos por meio de uma rede neural treinada de forma supervisionada sobre dados extraídos das cotações dos ativos. a aplicação desenvolvida busca apresentar uma forma intuitiva para guiar as decisões diárias de investimento (day trading) no tocante às ações que devem permanecer, entrar ou sair da carteira de cada usuário. o princípio é prever a cotação do dia seguinte da ação, com recomendação de venda se o preço previsto for diminuir e de compra se o preço for aumentar. a aplicação informa também uma estimativa sobre quanto cada operação de compra ou venda produzirá de lucro. para isso, foram feitos experimentos com três ativos diferentes que atendiam as principais movimentações do mercado e foi possível notar um acréscimo no valor inicial investido pelo usuário de aproximadamente % a % no montante final. a ferramenta desenvolvida poderá auxiliar tanto usuários iniciantes no mercado de ações quanto usuários mais experientes.', 'o avanço das tecnologias da informação e comunicação exigem transformações nas organizações em todo o mundo. em paralelo a isso, as micro e pequenas empresas (mpes) cresceram de forma acelerada e correspondem a % dos negócios brasileiros. a crise da covid- escancarou muitos desafios ao microempreendedor; se antes da pandemia ter uma presença digital era fundamental para maximizar as vendas, no período de isolamento social se tornou essencial à sobrevivência das micro e pequenas empresas. entretanto, ainda há muitos desafios a serem ultrapassados para digitalizar a economia e os setores produtivos, por exemplo, a escassez de funcionários com conhecimento e habilidades no ambiente digital, a falta de capital financeiro, dentre outros. este estudo explora os fatores que determinam a falta de democratização e maturidade digital das mpes, bem como indicadores e dados relacionados à questão que auxiliam na compreensão desses desafios. de acordo com a problemática, foi realizada uma pesquisa bibliográfica sobre o assunto, utilizando palavras-chave como diretrizes de busca. além disso, foram obtidos e analisados dados descritivos, qualitativos e quantitativos, obtidos junto aos micro e pequenos empreendedores, através de entrevistas e um questionário. a partir disso, no final do estudo, foi possível fazer um levantamento dos principais desafios da inclusão e maturidade digital das mpes e apresentar algumas das ferramentas motivacionais necessárias para mitigar esses obstáculos, por exemplo, a necessidade de uma educação digital complementar para os funcionários das mpes.', 'o objetivo do tce-ac é fiscalizar as despesas e receitas dos municípios e do estado do acre. para tanto, nos últimos anos tem modernizado a sua forma de trabalho. em particular, o acesso rápido aos preços praticados é fundamental para a fiscalização e também para a população em geral. para isso, o banco de preços é utilizado, sendo alimentado por uma base de dados em constante crescimento e que, atualmente, conta com dezenas de milhões de registros de notas fiscais. diante desse cenário, por utilizar de banco de dados relacionais para a realização das consultas e devido a grande massa de dados existente, o sistema em questão acaba demorando para produzir resultados em diversas situações, além de retornar resultados pouco relevantes em algumas situações. para solucionar o problema, propõe-se a implantação do elasticsearch como o motor de busca do sistema. o elasticsearch utiliza técnicas de indexação e possui ferramentas que otimizam a execução e resultados das queries realizadas. além disso, serão implementadas estratégias para a carga contínua dos dados, além da documentação dos desafios enfrentados durante a implementação. para avaliar a solução proposta, foram realizadas medições de estatísticas referentes ao tempo de resposta e qualidade das consultas antes e depois da implantação do elasticsearch. a qualidade dos resultados foi verificada por meio de técnicas como ndcg (normalized discounted cumulative gain) e f1-score, a partir da definição dos documentos relevantes ou não para cada consulta. como resultado, foi possível notar uma diminuição em vezes do tempo de respostas das consultas realizadas no elasticsearch quando comparado com os resultados envolvendo o sql server. além disso, também foi possível observar uma melhora na relevância dos resultados retornados de cerca de %, chegando a um ndcg de , % em média, para consultas com resultados, utilizadas por padrão no sistema.']"
5,17,5_animais_pandemia_sade_animal,"['animais', 'pandemia', 'sade', 'animal', 'gua', 'pets', 'acidentes', 'dados', 'brasil', 'nesse']","['atualmente, é muito comum que donos de animais domésticos (pets) por vezes esqueçam de repor a água dos recipientes dos seus animais logo que esta acaba. com isto, é comum que seus pets fiquem muito tempo sem beber água, correndo o risco de até mesmo sofrer desidratação. assim, o trabalho ora descrito consiste no desenvolvimento de um sistema para monitoramento remoto do nível de água em recipientes de animais domésticos. o sistema pode ser utilizado para animais de pequeno porte (cães pequenos e gatos), até animais maiores e, de outros contextos, como por exemplo, cavalos e bois.para tanto, foi desenvolvida uma solução hardware e software, com sensor de nível de água e dispositivo da família esp32, a partir da qual, no momento em que o nível da água atinge certo ponto, uma notificação é enviada para dispositivos móveis, como smartphones. espera-se, que este sistema auxilie os donos de pets a manter o recipiente de água de seus animais sempre abastecido, evitando assim que seus pets fiquem sem água por tempo prolongado.', 'diversas indústrias brasileiras consomem diariamente recursos naturais. algumas delas possuem suas próprias regiões de reservas ambientais. nesse contexto, essas indústrias objetivam continuamente prover proteção para os seus recursos. contudo, um complicador presente na maioria desses espaços, são os animais. seus hábitos por vezes acarretam na danificação dessas áreas. nesse sentido, este artigo tem como proposta, o monitoramento da presença dos animais nos ambientes de reservas naturais de ambientes industriais. para tanto, foram utilizadas técnicas de processamento digital de imagens para identificação da presença de animais nesses ambientes. em virtude da impossibilidade momentânea de aquisição de imagens em um ambiente industrial, o trabalho apresenta uma prova de conceito, com aquisição dos dados a partir de uma base de dados pública. para identificação das imagens de animais foram utilizadas redes de aprendizagem profunda. a abordagem apresentada possibilitou a identificação de animais de diferentes portes e espécies, com acurácia relevante em comparação com outras pesquisas similares. esses resultados permitem validar a metodologia proposta, possibilitando a sua instalação em um ambiente industrial, de forma a realizar o monitoramento da presença de animais .', 'um grande problema das cidades brasileiras é o alto índice de animais abandonados, que segundo uma pesquisa da oms existem mais de milhões de cães sem lares no brasil [ ]. além desse número muito alto, há um outro problema na adoção que é adotar um animal, não se adaptar ao seu comportamento, temperamento daquele animal, então algumas pessoas acabam abandonando esses animais, novamente. existem ongs e pessoas que gostariam de fazer a diferença nesse meio. nessa plataforma, auxiliaremos de algumas formas, como: ajudar na avaliação do adotante e do pet, mostrar os animais disponíveis para adoção podendo classificar e/ou filtrar, além disso abrir um canal de comunicação entre as organizações e os adotantes. para o desenvolvimento desta plataforma, será utilizada uma biblioteca de javascript bem conhecida no mercado, o react-native [ ]. espera-se que o aplicativo sirva para disseminar a ideia da adoção de animais, além de ajudar a evitar a reintrodução desse animal ao abandono e assim aumentar o número de animais adotados.']"
6,15,6_software_empresas_requisitos_carreira,"['software', 'empresas', 'requisitos', 'carreira', 'processo', 'equipes', 'qualidade', 'scrum', 'falta', 'objetivo']","['no cenário atual do desenvolvimento de software, apenas habilidades técnicas não são mais suficientes para garantir o sucesso de um projeto. as soft skills, habilidades socio-emocionais, emergem como elementos críticos para o desempenho eficaz das equipes. no entanto, a falta de ênfase e compreensão sobre essas habilidades tem sido um desafio persistente, levando a problemas de comunicação, colaboração ineficaz e, consequentemente, atrasos e falhas nos projetos. este estudo busca identificar as soft skills mais relevantes em diferentes etapas do processo de desenvolvimento de software, especificamente sob o arcabouço ágil scrum, visando fornecer informações importantes para profissionais e gestores, auxiliando-os no recrutamento, treinamento e desenvolvimento de equipes mais eficazes e adaptáveis às demandas do processo de desenvolvimento de software. para isso, foi conduzida uma pesquisa com profissionais e líderes de equipes, visando entender as necessidades específicas de habilidades em cada fase do ciclo scrum.', 'fenômenos como abandono (turnaway) e transição de carreira (turnover) estão cada vez mais frequentes em empresas de desenvolvimento de software, um dos principais motivos pode estar relacionado com a falta de identificação com a área. investigar esses fenômenos no âmbito comportamental por meio das âncoras de carreira do indivíduo pode ser primordial para que as empresas melhorem seus planos de carreira, política empresarial e política de retenção. este estudo visa investigar a relação entre o abandono de carreira (turnaway) com as âncoras de carreira de ex-desenvolvedores. para isso foi aplicado o teste âncora de carreira entre ex-desenvolvedores de diferentes regiões do brasil por meio de survey a fim de identificar dados sobre o processo de desenvolvimento de software a partir de entrevistas semi-estruturadas realizadas, transcritas e codificadas por outros pesquisadores da área. com base nos dados obtidos, esperamos que esses resultados contribuam para conceber estratégias eficazes para as empresas reterem seus colaboradores, além disso, minimizar o custo social de abandono de carreira daqueles desenvolvedores e incentivar pesquisas futuras.', 'o desenvolvimento de aplicações android é uma tarefa complexa. a variedade de dispositivos, e suas diferentes configurações, são um exemplo das razões que dificultam esse desenvolvimento. por causa disso, um processo de desenvolvimento bem planejado é importante para garantir a qualidade do software. a falta desse processo pode aumentar a incidência de bugs e as chances de requisitos do sistema não serem satisfeitos. esse trabalho tem como objetivo implantar um processo de qualidade de software no contexto do desenvolvimento de uma aplicação android. essa aplicação tem como propósito ser utilizada por agentes de saúde que a alimentarão com dados que serão processados e modelados a fim de emitir alertas antecipados sobre a incidência de populações de mosquitos transmissores de doenças. o processo de qualidade será definido a partir de uma pesquisa na literatura sobre boas práticas em desenvolvimento android, um estudo sobre o domínio do problema e sobre regras de negócio da aplicação. a partir dessa pesquisa, será discutida uma estratégia para a criação de um processo que engloba o desenvolvimento de testes, versionamento de código, escolha dos requisitos não funcionais e procedimentos para a implantação da aplicação. ao final do trabalho, será aplicado um questionário aos supervisores para que eles possam avaliar a eficácia do processo implantado. espera-se que, depois de adotado o processo de qualidade, exista uma maior clareza e fluidez nas entregas da aplicação, e que seja minimizada a quantidade de problemas.']"
7,15,7_oratio_clean_solid_projeto,"['oratio', 'clean', 'solid', 'projeto', 'code', 'escalabilidade', 'manuteno', 'aloque', 'robusto', 'seguido']","['', '', 'oratio é uma aplicação web criada para facilitar o trabalho dos professores responsáveis pela disciplina de trabalho e conclusão de curso (tcc) de ciência da computação da universidade federal de campina grande . ela permite que o professor aloque facilmente avaliadores e tenha o controle de todas as informações relacionadas a um projeto e a um aluno. desenvolvida em flutter e java, oratio foi projetada com a filosofia de clean code e solid, garantindo assim a qualidade, a eficiência e a escalabilidade do código. embora o projeto oratio tenha seguido boas práticas de programação, não foram utilizados todos os conceitos do clean code, mas sim uma modificação dos mesmos para melhorar o desenvolvimento e a manutenção do projeto. isso foi feito para garantir que as características do solid sejam atendidas, visando aumentar a manutenção e a flexibilidade do código e tornar o projeto mais robusto e de fácil escalabilidade em um curto tempo de desenvolvimento.']"
8,12,8_digital_cidadania_tweets_sociais,"['digital', 'cidadania', 'tweets', 'sociais', 'sentimentos', 'comentrios', 'aspectos', 'twitter', 'dessas', 'plataformas']","['o mundo se aproxima a quase bilhões de usuários na internet, tornando-se a sua utilização um hábito imperceptível. estamos conectados e precisamos seguir um conjunto de regras para um relacionamento virtual agradável, para isso, surge a cidadania digital. cidadania digital pode ser entendido como um conjunto de normas que devemos seguir para utilizarmos o mundo digital, e as diferentes tecnologias que o constituem, com consciência, responsabilidade, ética e segurança. a temática abrange pessoas de todas as idades e gera especial atenção para as crianças e adolescentes. considerando esse público, existem iniciativas relevantes de grandes empresas como a google™, através da plataforma interland[ ], e de ongs especializadas no uso seguro da internet, tais como safernet[ ], nic.br e cetic.br[ ]. apesar dessas ações, ainda é um desafio a introdução de trilhas de conhecimento em cidadania digital para crianças e adolescentes na escola. o objetivo dessa pesquisa é desenvolver uma trilha de conhecimento para educação em cidadania digital voltada para o público do ensino fundamental (anos iniciais) que seja lúdica e participativa, com produção de material didático para alunos e professores, desenvolverem conhecimento e prática em cidadania digital.', 'o presente artigo trata-se de uma análise de sentimentos e emoções expressos em tweets relacionados à guerra da ucrânia, mediante análise dos tópicos discutidos pelos usuários da plataforma twitter. este estudo visa compreender como os usuários reagem ao evento em curso, quais aspectos da guerra as pessoas estão discutindo na plataforma, e como se sentem a respeito deste acontecimento. além disso, visa identificar correlações entre as variáveis presentes nos tweets, como localização, informações de perfil do usuário autor da postagem, e a natureza de suas opiniões. tais análises foram conduzidas através de tarefas de processamento de linguagem natural como análises exploratórias dos dados e a aplicação de classificadores de sentimentos de tweets utilizando modelos de dados pré-treinados. os dados analisados contém tweets coletados desde o início do conflito, que se deu em fevereiro de até outubro de , e foram coletados a partir de hashtags relacionadas à guerra. para a realização das análises de sentimento e emoção foram utilizados a variante roberta. os tweets foram classificados em sentimentos como positivos, negativos ou neutros, e em emoções como alegria, raiva, medo, nojo, otimismo, pessimismo, surpresa e amor. os resultados mostraram que a maioria dos tweets em inglês expressam raiva e antecipação como emoções predominantes, e sentimentos negativos e neutros com maior predominância, atingindo mais de % do da amostragem analisada. algumas das frases mais recorrentes na análise fazem alusão ao apoio à ucrânia e pedindo o fim da guerra. da mesma forma, frases de preocupação com a crise, armas e fatalidades são recorrentes. na maioria das postagens, pessoas demonstram preocupação com o conflito armado e apoio à ucrânia. trabalhos futuros poderiam utilizar mais tweets para abranger a análise e visualizar a correlação de mais atributos relacionados às postagens como os engajamentos e curtidas.', 'a cidadania digital envolve o desenvolvimento de competências eficazes e éticas no uso das tecnologias, sempre respeitando princípios fundamentais, como privacidade, segurança e responsabilidade. a educação digital desempenha um papel crucial como parte integrante da cidadania digital, indo além do mero uso das tecnologias e sendo a base para a formação de cidadãos digitalmente conscientes. a educação digital é a chave para preparar as gerações presentes e futuras, capacitando-as a navegar com sucesso no mundo digital, compreender e aplicar as tecnologias de forma ética e eficaz. a crescente demanda no mercado de trabalho por profissionais com habilidades digitais destaca a importância da educação digital em todos os níveis, desde programas técnicos até a educação superior. a essência de uma aprendizagem eficaz reside na concepção de programas de capacitação envolventes, que não apenas desenvolvam habilidades técnicas, mas também promovam uma cidadania digital consciente. dentro desse contexto, este trabalho tem como objetivo contribuir para a promoção da educação digital, fornecendo um guia prático repleto de orientações para o desenvolvimento de cursos, com metodologias ativas e no contexto de extensão, que gerem um impacto significativo na comunidade da cidade de campina grande.']"
9,11,9_busca_regio_regies_nodegis,"['busca', 'regio', 'regies', 'nodegis', 'gis', 'soluo', 'mapas', 'geogrficas', 'ferramenta', 'espacial']","['a representação de regiões geográficas tem sido alvo de pesquisas nos últimos tempos, pois é a peça chave para a realização de diversas tarefas, como a busca por regiões similares. tal representação, porém, não é tarefa trivial, uma vez que pode envolver inúmeras variáveis no processo. a tendência atual é que essas representações sejam feitas através de vetores de alta dimensão, conhecidos como embeddings. porém, operações de busca por estes costumam ser custosas para a máquina em termos de tempo de processamento e consumo de disco. neste artigo experimentou-se diferentes manipulações nesses vetores a fim de diminuir o consumo de recursos computacionais no momento da busca sem comprometer significativamente a relevância dos resultados produzidos por ela. técnicas de redução de dimensionalidade dos vetores e quantização de seus elementos foram executadas, além de comparações entre a busca exata por vizinhos mais próximos e a busca aproximada por estes. observou-se que a busca aproximada por vizinhos mais próximos reduz o tempo de busca em aproximadamente , %, mantendo uma boa aproximação com os resultados do baseline. a técnica de quantização dos embeddings apresentou a segunda maior interseção com o baseline e reduziu consideravelmente o consumo de disco pelos índices. técnicas como a redução de dimensionalidades não apresentaram grandes alterações no tempo de busca e tiveram interseções baixíssimas com o baseline da pesquisa.', 'aplicações de recuperação de informação estão cada dia mais robustas, versáteis e atendendo aos mais diversos ins. na área de recuperação de informação geográica (gir), embora muitas abordagens tenham sido propostas para lidar com diversos problemas, alguns ainda permanecem insuicientemente explorados, a exemplo de abordagens que permitam buscar regiões que sejam similares a uma região de interesse de forma rápida e escalável. dada uma região espacial e uma região de consulta, uma pesquisa por região similar visa encontrar as k regiões mais semelhantes à região de consulta na região espacial. neste trabalho é apresentada uma abordagem de busca por similaridade em mapas utilizando um algoritmo de similaridade textual com dados armazenados e indexados. para isso, desenvolveu-se um algoritmo baseado no uso de índices no elasticsearch[ ] para armazenamento dos dados geográicos. as consultas são textuais, utilizando o conceito de índice invertido junto com o algoritmo de similaridade bm25[ ]. nesse algoritmo, as informações de points of interest (poi) presente nas regiões dos mapas são convertidas em dados textuais que são a base para realização de consultas. a abordagem proposta é baseada em um estudo de caso utilizando dados de grandes cidades obtidos através openstreetmaps1.', 'diante da vasta presença da informação espacial nas aplicações atuais, surgiram várias ferramentas que fomentam o desenvolvimento de aplicações web de sistemas de informações geográficas (gis). apesar de haver um grande número de soluções, muitas são complexas, requerendo habilidades específicas dos desenvolvedores. portanto, há a necessidade de uma ferramenta que simplifique o processo de desenvolver e publicar uma aplicação web gis, com a vantagem de ser de código aberto. neste trabalho é apresentado o nodegis, uma ferramenta de código aberto que provê uma interface gráfica para o desenvolvimento de aplicações de web gis, sem escrita de código ou configuração complexa de servidores. o nodegis utiliza-se de uma arquitetura baseada em contêineres, fazendo uso de rest, e facilitando o deployment de uma aplicação web gis. a ferramenta apresentada permite ao usuário plotar mapas vetoriais, realizar operações de overlay e de personalização de camadas, zooming, panning, tooltip, consultas em atributos convencionais e espaciais. o nodegis também pode ser utilizado no ensino de gis, não necessitando instalação de software por parte dos alunos.']"
10,11,10_jogo_jogadores_basquete_jogos,"['jogo', 'jogadores', 'basquete', 'jogos', 'nba', 'anlise', 'preditiva', 'jogador', 'resultados', 'caixa']","['o futebol, assim como diversas outras atividades do nosso cotidiano, recebeu e vem recebendo grandes mudanças com o advento da tecnologia. a grande evolução desse esporte no século xxi foi guiada, em certa parte, pelo avanço tecnológico implementado. a análise estatística é um grande expoente desses avanços, a maioria dos grandes clubes de futebol de hoje possuem um setor que alia essa análise a parte tática do jogo, essas atividades norteiam dirigentes e treinadores em como fazer as contratações corretas para o time e quais jogadores estão com bom desempenho em campo. diante do exposto, utilizando dados extraídos de uma base chamada statsbomb, disponível no site fbref.com, este trabalho busca fazer um estudo do impacto dos jogadores a partir da análise e visualização de dados. a partir da extração desses dados, o objetivo é observar, a partir do cálculo de uma métrica, os fundamentos e estilos de jogo presentes e observados hoje no esporte moderno, como construção de jogo, criação ofensiva, finalização, capacidade defensiva, etc. a partir dessa métrica, é possível ainda fazer uma análise, levando em consideração a posição dos jogadores, o que mostra onde cada uma das características está mais concentrada em campo. a partir disso, é possível observar, por exemplo, quantos defensores possuem tal característica ofensiva ou atacantes que realizam ações defensivas. essa análise pode ser feita para várias posições e funções do futebol e ajuda a entender e demonstrar o impacto que cada um dos jogadores tem dentro de campo.', 'este artigo apresenta um estudo sobre a predição de resultados em partidas do jogo eletrônico league of legends (lol) utilizando técnicas de aprendizado de máquina. com o objetivo de explorar a capacidade de prever resultados em tempo real, considerando diferentes variáveis e estágios da partida, destacamos o uso de dados inéditos como parte fundamental desse processo. com o aumento da popularidade do lol e a realização de torneios, surgiram também as apostas relacionadas ao jogo, tornando ainda mais relevante a investigação nessa área. diversos modelos foram avaliados e os resultados foram encorajadores. o modelo baseado em random forest obteve o melhor desempenho, alcançando uma acurácia média de , % em estágios intermediários da partida, quando a porcentagem de tempo decorrido estava entre % e %. por outro lado, os modelos de regressão logística e gradient boosting mostraram-se mais eficazes em estágios iniciais do jogo, com resultados promissores. esse estudo contribui para o campo de aprendizado de máquina aplicado a jogos eletrônicos, fornecendo insights valiosos sobre a predição em tempo real no league of legends. os resultados obtidos podem ser relevantes tanto para os jogadores que desejam aprimorar suas estratégias quanto para a indústria de apostas relacionada ao jogo.', 'modelos preditivos em aprendizado de máquina e processos de descoberta de conhecimento em bases de dados, particularmente em domínios como o basquete, são inestimáveis para obter insights sobre o desempenho dos jogadores. este estudo compara abordagens de aprendizado de máquina supervisionado (modelos de caixa preta e caixa branca, incluindo métodos de conjunto) para analisar dados estatísticos de jogadores de basquete universitário (ncaa). nosso objetivo é identificar jogadores da ncaa com alto potencial para sucesso na nba, determinar quais características dos jogadores mais influenciam as decisões de seleção e como esses modelos chegam a tais conclusões para comparar seus desempenhos e a explicabilidade associada. esta tarefa é desafiadora devido a fatores além das estatísticas, como o contexto do jogador e as considerações do elenco da equipe durante a seleção. o objetivo principal é fornecer aos tomadores de decisão insights cruciais para a seleção de jogadores, ajudar na melhor avaliação de jogadores e desenvolver jovens talentos enfatizando aspectos-chave do jogo. comparamos os resultados de modelos de predição interpretáveis com níveis satisfatórios de precisão. equilibrando interpretabilidade e precisão preditiva, empregamos métodos de classificação de caixa branca, caixa preta e de conjunto, como árvores de decisão, regressão logística, máquina de vetores de suporte, perceptron multicamadas, floresta aleatória e xgboost. além disso, algoritmos genéticos foram usados para reduzir o conjunto de características de cada modelo, retendo apenas as características mais impactantes. comparado aos procedimentos padrão sem seleção de características, todos os modelos mostraram desempenho melhorado. encontramos diferenças mínimas na precisão preditiva entre os melhores modelos de caixa branca e caixa preta. a combinação de algoritmos genéticos e regressão logística superou a precisão preditiva de outros modelos, reduzindo significativamente as características e melhorando a interpretabilidade dos resultados. a análise também destaca as características mais influentes no modelo e como os modelos chegaram a tais conclusões.']"
11,10,11_msica_artistas_musical_musicais,"['msica', 'artistas', 'musical', 'musicais', 'msicas', 'spotify', 'libras', 'plugins', 'longo', 'leitura']","['plugins, programas auxiliares na produção musical, são muito desejados por artistas nos dias de hoje por expandirem as possibilidades na criação de música. em seu processo criativo, necessidades específicas aparecem frequentemente, então a idéia de criar seu próprio plugin pode ser muito atrativa. porém, o processo de programação de plugins pode ser consideravelmente contra intuitivo, pois para sequer poder ouvir os resultados que estes podem trazer à composição, normalmente é necessário escrever e compilar o programa de forma separada, para somente então testar. este projeto, então, visa demonstrar a viabilidade de uma alternativa existente, muito mais interativa, apropriada para músicos que tenham menos afinidade com tecnologias de programação. a solução proposta envolve utilizar dois programas, plugdata e hvcc, para criar plugins de diversos tipos, sem a necessidade de escrever código e podendo fazer os testes destes em tempo real. o plugdata fornece ao usuário um ambiente para construir diversas funcionalidades úteis para uma composição, sendo possível ouvir os resultados em tempo real. utilizando então o outro programa, hvcc, é possível converter essa construção do plugdata em código na linguagem c++, compilar esse código e transformá-lo em um plugin nos formatos desejados. assim, a criação de plugins torna-se muito mais acessível aos artistas musicais. para demonstrar isso, foram criados três plugins, de funcionalidades diferentes, os quais foram utilizados na composição de uma faixa musical original.', 'o streaming de áudio vem crescendo, em foram registrados mais de milhões de assinantes juntando todas as plataformas, e isso tornou o ato de escutar músicas e podcasts algo mais simples e rápido. graças a esses aplicativos, é possível ter acesso a um diverso acervo musical, de diferentes artistas e gêneros, e de podcasts. atualmente o spotify é o serviço de streaming de áudio mais popular no mundo com mais de milhões de usuários mensais ativos. entretanto, não é possível para o usuário consultar as estatísticas, como música mais ouvidas e métricas sobre as músicas (popularidade, duração, positividade e etc), referente ao que vem escutando ao longo dos anos, já que o spotify disponibiliza apenas a retrospectiva anual e as músicas e artistas mais ouvidos no mês. por isso, esse trabalho tem o intuito de criar um dashboard acessível ao usuário com estatísticas musicais, a partir de uma investigação da api do spotify, que é disponibilizada para desenvolvedores. uma contribuição adicional é, apresentar e analisar a semântica, contexto e retorno das funcionalidades da api de forma a definir os requisitos para projetar uma aplicação web com o dashboard do usuário. este documento contém os resultados da experimentação e análise da api, além de tornar possível a utilização do dashboard com as estatísticas do usuário que estiver logado.', 'embora a música esteja presente no cotidiano de boa parte da humanidade, durante a pandemia de covid- , muitos artistas da indústria fonográfica viram suas opções para faturar com música diminuírem. com a proibição aos shows e a baixa venda de produtos físicos, o mercado musical teve que se adaptar a diferentes modelos de negócio para sobreviver. neste cenário, o spotify, serviço digital que paga aos artistas por quantidade de streams[ ], vem representando um fôlego para o ramo, que já vinha sofrendo duros golpes pela pirataria. em abril de , o serviço já possuía mais de milhões de usuários ativos mensais[ ]; havia pagado bilhões de dólares aos artistas e gravadoras[ ]; e, no brasil, país que é um dos maiores consumidores de streaming - tanto no modelo gratuito, quanto no pago[ ] - é um dos grandes responsáveis pelo crescimento, nos últimos anos, de mais de % da renda com músicas gravadas - o maior desde , segundo a federação internacional da indústria fonográfica[ ]. em , a relevância do streaming foi tão alta que representou mais da metade da receita mundial de música gravada[ ]. com isso, pode-se afirmar que, hoje em dia, a quantidade de streamings de uma música passou a ser parâmetro de sucesso e até a ser um indicativo do que a sociedade, em geral, ouve. diante disso, este presente artigo apresenta uma análise de dados quantitativa das músicas mais ouvidas no spotify brasil, no período de até o presente ano, com objetivo de ajudar a compreender o gosto musical dos(as) brasileiros(as) através do estudo das características musicais de cada canção. com isso, buscamos identificar os padrões apresentados por essas características ao longo dos anos. os resultados indicam que, na amostra estudada, os(as) brasileiros(as) tendem a preferir canções com duração mais curta , instrumentalidade baixa, volume alto (em decibéis), e baixa presença de palavras faladas. palavras-chave: spotify, análise de dados, música, mercado fonográfico.']"
12,9,12_programao_objetos_competncias_conceitos,"['programao', 'objetos', 'competncias', 'conceitos', 'paradigma', 'computacional', 'orientada', 'pensamento', 'questes', 'compensar']","['o pensamento computacional (pc) é um processo de raciocínio que consiste em formular um problema e sua solução em passos que um computador é capaz de realizar. este processo é tão importante que autores o consideram como um potencializador das competências operacionais do ser humano, que pode ser usado em algumas vertentes, como por exemplo, no desenvolvimento interdisciplinar em disciplinas do ensino básico, tais como matemática e física, e no desenvolvimento a partir de disciplinas específicas da ciência da computação. no contexto da disciplina de matemática, pode-se relacionar uma questão dentre nove competências do pensamento computacional. identificar questões que exploram estas competências pode ser extremamente útil para alunos e professores que possuem interesse em se aprofundar neste tema, pois o estímulo ao pc pode aumentar a capacidade de resolução de problemas. neste contexto, a concepção de modelos inteligentes capazes de predizer automaticamente competências do pc em questões de matemática seria um grande facilitador no processo de estímulo à resolução de problemas. neste trabalho, utilizamos uma nova base de dados de questões para extrair características a partir de destaques atribuídos às questões por avaliações manuais advindas de especialistas. a partir destas questões, foram desenvolvidos classificadores utilizando term frequency-inverse document frequency (tf-idf) e latent dirichlet allocation (lda) como características do modelo, recalculando os valores destas características através do uso dos destaques, com o objetivo de aumentar a importância daqueles termos que pertencem ao trechos destacados pelos avaliadores, e com isso aumentar a eficácia da classificação de questões em relação às competências do pensamento computacional estimuladas.', 'ensinar o paradigma de programação orientada a objetos costuma ser um desafio para os professores. a principal dificuldade é muitas vezes atribuída à mentalidade que o paradigma exige. essa mentalidade envolve raciocinar sobre elementos da realidade em termos de classes, objetos, atributos, polimorfismo etc. em suma, é uma mentalidade que requer boas habilidades de abstração. várias metodologias, abordagens e ferramentas já foram propostas para ajudar os alunos a alcançar a mentalidade necessária para aplicar esse paradigma, mas o aprendizado continua difícil. diante disso, uma ferramenta que até então nunca havia sido considerada para o ensino de programação é o trivium medieval. o trivium consiste nas três artes liberais de gramática, lógica e retórica. o syllabus e a estrutura das aulas do trivium podem ser um modelo interessante para ser aplicado em cursos de programação orientada a objetos, pois abordam de forma bastante didática conceitos fundamentais idênticos ao do paradigma orientado a objetos. a demonstração da correlação entre os dois assuntos é um dos objetivos deste trabalho. além disso, conjecturamos que ensinar os conceitos fundamentais da gramática antes ou paralelamente ao ensino do paradigma orientado a objetos parece ser mais eficiente do que começar logo pela prática de programação, como costuma ser feito em cursos de programação. este artigo propõe duas abordagens para o ensino do paradigma orientado a objetos. eles consistem na estruturação do curso de programação orientada a objetos com base na filosofia e metodologia educacional clássica, a fim de facilitar a compreensão do paradigma.', 'cursos introdutórios de programação costumam ser desafiadores, especialmente para aqueles sem experiência prévia em lógica de programação. ao ingressar em um curso de tecnologia, é necessário o aprendizado de terminologias relacionadas à ciência da computação e adaptar-se aos diferentes conceitos e paradigmas. se tratando de programação orientada a objetos (poo), utilizando java como linguagem de programação, a dificuldade é ainda maior. seu amplo conjunto de conceitos e sua sintaxe verbosa fazem parte de uma transição desafiadora, seguida de erros quanto aos conceitos aprendidos, refletindo muitas vezes a permanência do aluno no curso. sendo assim, com o objetivo de compreender e analisar estes erros, este trabalho se propõe a seguir os mesmos passos de um estudo anterior conduzido em uma turma da disciplina de laboratório de programação ii no curso de ciência da computação da universidade federal de campina grande. a dificuldade de assimilação de conceitos de java implica na observação de erros em atividades práticas e avaliativas, como foi constatado no estudo mencionado, que analisou principalmente o volume de código das submissões dos alunos. a intenção é fazer um comparativo entre os resultados, investigando padrões e tendências que possam variar conforme há mudança de amostra. uma vez identificando tais erros, bem como a sua frequência e impacto na nota do aluno, este estudo pode contribuir para potenciais adaptações nos métodos de ensino para que haja uma melhor aproximação na solução destes problemas, fortalecendo a compreensão dos conceitos fundamentais de programação orientada a objetos, uma vez que é recorrente em outras disciplinas da grade curricular.']"
13,9,13_tags_ecommerce_web_produtos,"['tags', 'ecommerce', 'web', 'produtos', 'busca', 'gtm', 'pesquisa', 'performance', 'pwa', 'semnticas']","['com a ascensão de javascript como uma das principais linguagem de programação para web, diversos frameworks surgiram para auxiliar a criação de projetos complexos e escaláveis. uma tendência dos dias atuais é a utilização da web através de dispositivos móveis. neste contexto, ocorre um aumento na demanda por aplicações leves que substituam as aplicações nativas. essa demanda resultou em uma metodologia que combina recursos oferecidos pelos navegadores com as vantagens do uso de um celular. o progressive web app (pwa) é uma metodologia de desenvolvimento que busca trazer para aplicações web, acessadas por navegadores móveis, a mesma experiência (leve e responsiva) vivenciada nos aplicativos nativos. atualmente, existe uma enorme variedade de bibliotecas e frameworks, o que causa dúvidas na tomada de decisão para a construção de um pwa. o objetivo deste trabalho é realizar um estudo comparativo entre três tecnologias, para a implementação de um pwa. para isso, foi desenvolvido um mesmo sistema utilizando angular, vue e react para coletar métricas e realizar análises sobre suas vantagens e desvantagens. como as tecnologias seguem o mesmo paradigma, o estudo apresenta as características, de cada uma, associando essas a implementação de um pwa que consume uma api rest. por fim, foram estabelecidos guidelines para ajudar programadores web a escolher entre as várias tecnologias disponíveis.', 'a busca por produtos é uma funcionalidade fundamental que permite aos usuários localizar e adquirir itens específicos, sendo aplicada em diversos contextos, como e-commerces e sites de comparação de preços. este estudo compara abordagens léxicas e semânticas para a realização dessa funcionalidade. embora a busca léxica possua vantagens em termos de tempo de resposta, ela não captura relações semânticas entre palavras além das similaridades léxicas. por outro lado, a busca semântica destaca-se ao capturar semanticamente a relação entre os termos, porém, além de possuir maior complexidade, ela também pode ser mais lenta. neste trabalho, analisamos as abordagens léxico-semânticas para dados de produtos, especificamente em dois conjuntos de dados: catálogo de materiais do governo federal e descrições de produtos presentes em notas fiscais. comparamos as estratégias de busca considerando a relevância dos resultados e o tempo de resposta. os conjuntos de dados possuem características distintas, com o catálogo de materiais sendo mais formal e estruturado, enquanto as notas fiscais contêm textos mais curtos e informais, frequentemente com siglas e abreviações. este estudo comparativo busca identificar os trade-offs entre as abordagens léxicas e semânticas, bem como encontrar as estratégias mais adequadas para cada tipo de dado. os resultados contribuem para a seleção de mecanismos de busca mais eficazes em catálogos de produtos, considerando diferentes formas de organização dos dados.', 'o presente trabalho busca compreender se a utilização de tags do google tag manager (gtm) interfere na performance de um e-commerce perfeitamente otimizado. inicialmente, será analisado o conceito de performance, de tags, de gtm, bem como sua importância no contexto de um e-commerce. em seguida, para alcançar os objetivos propostos, foram conduzidas análises de performance em um e-commerce otimizado sob três cenários distintos: sem o uso de tags, com a utilização das tags do gtm e com utilização de tags robustas do gtm. em todos os cenários, foram excluídos os outliers na análise, com o objetivo de afastar possíveis inconsistências nos resultados. os resultados demonstram que houve uma tendência de queda na performance à medida que a complexidade das tags aumenta. constatou-se que a implementação de tags do gtm, embora útil para o rastreamento de dados, pode ter um impacto negativo na performance do site se não for gerenciada corretamente. por causa disso, atestou-se que no contexto de e-commerce esse processo envolve tomar decisões estratégicas sobre quais tags são realmente necessárias e como podem ser implementadas de forma a minimizar seu impacto na performance do site, garantindo, ao mesmo tempo, uma experiência positiva para o usuário.']"
14,9,14_dados_privacidade_informaes_sensveis,"['dados', 'privacidade', 'informaes', 'sensveis', 'homomrfica', 'tecnologias', 'ataques', 'proteo', 'seguro', 'divulgaes']","['a privacidade do usuário é uma das maiores preocupações dos desenvolvedores de aplicações hoje em dia. com o advento de novas regulamentações e ciber ataques se tornando mais comuns e caros, a demanda por novas tecnologias que podem ajudar a reduzir ou mitigar o risco de exposição da informação está aumentando. como os humanos são os mais suscetíveis à falha na maioria dos sistemas, é importante procurar um método para reduzir potenciais erros humanos ou exposição intencional de informações. neste artigo, a computação confidencial é estudada como uma forma de prevenir tais vazamentos de dados executando aplicações dentro de um ambiente de execução confiável.. neste contexto, um ambiente de execução confiável é definido como uma área segura de um processador principal, o que garante que o código e os dados carregados internamente são protegidos com respeito à confidencialidade e integridade. para avaliação, um sistema de informação usando scone foi implementado e uma série de testes de segurança e desempenho em uma aplicação genérica foram executados. os resultados mostraram uma melhoria considerável na segurança do aplicativo e uma deterioração considerável no desempenho da aplicação. os resultados sugerem que a computação confidencial pode proteger os aplicativos contra os ataques de nível de administrador mencionados, mas seu uso deve se adequar a certos casos de uso onde o desempenho não é fundamental para o aplicativo comportamento ou o fato de que são necessários mais recursos para funcionar no mesmo nível de desempenho.', 'a divulgação de dados é um processo que ocorre com o objetivo de trazer mais transparência e possibilitar análises de dados em geral. visando garantir a privacidade dos dados, muitas divulgações são feitas anonimizando os registros (de banco de dados) a partir da remoção de informações que identifiquem os indivíduos envolvidos, como é o caso das divulgações dos dados públicos de vacinação contra a covid- . porém, existem ataques que podem ser facilmente realizados em dados anonimizados apenas associando registros, através de atributos comuns com outras divulgações de dados com identificadores que não possuem informações sensíveis. em razão disso, diversas técnicas de anonimização foram desenvolvidos como, por exemplo, a l-diversidade. este artigo tem como objetivo evidenciar o ganho de privacidade aplicando essa técnica sobre os dados de vacinação, em que foram realizados ataques de associação utilizando o perfil de beneficiários do prouni e dados públicos de agendamentos divulgados pela prefeitura municipal de fortaleza. como resultado, foi possível observar um aumento substancial na proteção de informações sensíveis.', 'o progresso da tecnologia tem gerado uma evolução da popularidade de serviços que utilizam a troca de dados, consentindo que computadores desconhecidos ou que não sejam confiáveis mantenham uma grande quantidade de informações dos indivíduos a partir de seus dados fornecidos. como resultado, manter a privacidade dos usuários e ao mesmo tempo garantir a qualidade dos serviços é um dilema complexo que tem recebido atenção nos últimos anos. a integração dessas diversas bases de dados pode ocorrer por meio da resolução de entidades (re), entretanto em muitas situações esses dados são de caráter privado, algo não suportado pela re. surge então a resolução de entidade com garantia de privacidade (regp) com o mesmo propósito da re, mas com a adição de suporte à privacidade dos dados. uma das técnicas de proteção de dados utilizadas na regp é conhecida como a privacidade diferencial (pd) que consiste em usar mecanismos para adicionar ruído aos registros. este trabalho propõe avaliar a privacidade de dados através de mecanismos de pd aplicados à regp.']"
15,9,15_dados_logs_aplicaes_benchmarks,"['dados', 'logs', 'aplicaes', 'benchmarks', 'sistemas', 'observabilidade', 'vendas', 'opensearch', 'indicador', 'base']","['com a crescente utilização dos sistemas de bancos de dados nosql, se tornou relevante estabelecer um comparativo de desempenho entre eles. entretanto, dadas as diferenças que esses sistemas possuem em relação aos modelos de dados, torna-se difícil fazer comparações entre tecnologias de diferentes famílias de banco de dados. portanto, é importante encontrar ferramentas que possam fazer essa análise e trazer resultados relevantes. esse artigo apresenta um levantamento dos principais benchmarks existentes para avaliar sistemas de bancos de dados nosql. percebe-se que há vários benchmarks específicos para uma determinada categoria, mas os benchmarks que comparam tecnologias de diferentes tipos são mais escassos e se limitam a avaliar operações básicas sobre as bases de dados.', 'um dos maiores problemas encontrados em aplicações que estão envolvidas no ecossistema de big data está relacionado à disponibilidade e qualidade de dados para modelos de ia e outras análises direcionadas. aplicações com esse foco necessitam de dados que disponham de alta qualidade, já que o resultado de seus serviços depende da integridade da informação usada no processo. quando pensamos em dados textuais, devemos saber que a informação fornecida para aplicações que envolvem processamento de texto, devem ser as melhores possíveis. desta forma, foi desenvolvido uma aplicação que trata da gerência da coleta e tratamento contínuo de dados textuais. o contexto da aplicação está fixo na coleta de dados textuais da rede social reddit. através da api fornecida pela rede, é feita a ingestão de dados de uma comunidade específica. com base nos dados coletados, a ferramenta trata de fazer todo o orquestramento de tarefas que gerenciam a coleta, tratamento e disponibilização desses dados. para teste da ferramenta, os dados disponíveis são passados para um modelo de pln, que usa lda para mapear tópicos com base nos textos extraídos do site. a aplicação se baseia nos conceitos de streaming de dados e processamento de texto, de forma contínua e automática, a fim de manter uma base de dados sólida e de qualidade para análises de texto.', 'a observabilidade desempenha um papel importante no desenvolvimento e na manutenção de software. podemos dizer que um sistema é observável quando pode-se entender e explicar qualquer estado em que o mesmo possa entrar, podendo ele ser corriqueiro ou algo totalmente novo. juntamente com métricas e traces, os logs representam um dos pilares da observabilidade, desempenhando um papel vital na depuração dos estados de um sistema. isso ressalta sua importância como fonte de dados e a necessidade de seu tratamento e armazenamento. nesse contexto, o opentelemetry emerge como um framework e conjunto de ferramentas que se propõe a facilitar a coleta e a gestão de dados de observabilidade em sistemas. sendo independente de fornecedores e ferramentas, e adotando um modelo de código aberto, o opentelemetry se revela um software altamente versátil, adaptável às necessidades individuais de seus usuários, tornando-se uma escolha ideal na implementação de observabilidade em sistemas. o foco deste trabalho está no aprimoramento de um módulo utilizado em um coletor opentelemetry, cuja função principal é receber logs em uma plataforma de comércio eletrônico. esse módulo compreende dois componentes: o wal, responsável por detectar falhas no envio de logs ao opensearch e armazenar logs não enviados em um serviço de armazenamento de objetos; e um replayer de logs, que tenta reenviar os logs armazenados posteriormente ao opensearch. entretanto, o replayer de logs enfrenta desafios relacionados a disponibilidade de recursos de hardware, instabilidade em ambientes variáveis e limitações na configuração, o que impacta negativamente em sua eficácia no envio de logs ao opensearch. além disso, a ausência de dados sobre a saúde e o desempenho do wal pode dificultar a manutenção e depuração deste componente, devido à falta de informações relevantes. diante desse cenário, este trabalho tem como objetivo aprimorar o replayer de logs, visando melhorar a disponibilidade e a utilização dos recursos de hardware, aumentar sua confiabilidade no envio de logs ao opensearch e torná-lo mais flexível em termos de configuração. também, pretende-se adicionar capacidades de observabilidade ao mecanismo wal com o objetivo de garantir maior visibilidade do funcionamento do mecanismo e facilitar a depuração do mesmo.']"
16,8,16_acrnimo_sade_tratamento_feridas,"['acrnimo', 'sade', 'tratamento', 'feridas', 'oftalmolgicas', 'medicamentos', 'aplicativo', 'fraturas', 'feridmetro', 'reconhecimento']","['o acrônimo timers é utilizado por profissionais da saúde para avaliar pacientes e encaminhar para o tratamento mais adequado. cada letra do acrônimo representa uma categoria que visa o tratamento e cuidado de feridas. através do aplicativo feridômetro é possível realizar a checagem de feridas, enfermidades e possíveis prevenções baseados no que foi avaliado. o aplicativo feridômetro foi idealizado inicialmente pela professora lidiany galdino (ccbs/ufcg) e os graduandos adiel andrade rocha e matheus de souza coutinho (uasc/ufcg), seu objetivo é auxiliar os professores e alunos com conhecimentos sobre o acrônimo. o presente trabalho tem por objetivo desenvolver uma aplicação web, com o intuito de disponibilizar o feridômetro para usuários de outros sistemas além do android™. a partir dessa construção, a disponibilidade do aplicativo será ampliada e mais pessoas terão acesso ao conteúdo do acrônimo.', 'doenças oftalmológicas, como catarata, glaucoma e retinopatia diabética, representam um desafio significativo para a saúde pública, com potencial de causar perda de visão. no entanto, a maioria desses casos poderia ser evitada ou tratada se diagnosticada precocemente. neste contexto, a imagem de fundo de olho surge como uma ferramenta de diagnóstico eficaz, rápida e não invasiva. a interpretação manual de imagens oftalmológicas é repetitiva e sujeita a erros. assim, sistemas computacionais podem ser utilizados para auxiliar os profissionais na triagem automatizada, reduzindo tempo, erros e esforço na análise das doenças. os sistemas de aprendizado profundo provaram ser eficazes nesse contexto, entretanto, sua falta de transparência tem sido um desafio para a adoção clínica, o que destaca a importância da explicabilidade nos modelos de aprendizado de máquina. este estudo contribui para o avanço da compreensão e interpre-tação de modelos de aprendizado profundo na área da saúde ocular, visando melhorar o diagnóstico e tratamento de condições oftalmológicas. ele compara as técnicas lime e grad-cam aplicadas a diferentes arquiteturas de redes neurais convolucionais (cnns) treinadas para classificar condições oftalmológicas a partir de imagens de fundo de olho. os resultados indicam que o modelo vgg16 se destaca, alcançando uma acurácia de , % no treinamento e , % na validação. além disso, as técnicas de explicabilidade, embora distintas em abordagem, identificaram quase as mesmas regiões de interesse nas imagens oftalmológicas. ainda assim, apesar de haver limitações, como a aleatoriedade do lime e a necessidade de ajustes no grad-cam, o lime destacou áreas críticas de forma mais sutil, enquanto o grad-cam forneceu representações visuais mais diretas e intuitivas.', 'o acrônimo timers é utilizado por profissionais da saúde para direcionar e avaliar a conduta adequada em cada situação de tratamento e avaliação de feridas de acordo com o estado da enfermidade. seu objetivo é auxiliar na ava-liação inicial e proporcionar meios de tratamentos corretos e eficazes, de acordo com os parâmetros avaliados. o aplicativo feridômetro é um aplicativo portátil desenvolvido inicialmente pela professora lidiany galdino e pelo aluno adiel andrade rocha, o projeto está em código aberto e tem como finalidade ser uma ferramenta de auxílio aos profissionais e alunos que buscam aprimorar seus conhecimentos sobre o acrônimo. neste trabalho, serão desenvolvidas novas funcionalidades para o aplicativo, com o intuito de melhorar a experiência do usuário, criar novas ferramentas de aprendizado e canal de comunicação entre os usuários, assim como, complementar o conteúdo vinculado ao aplicativo referente ao acrônimo. a partir dessas integrações, os usuários terão mais facilidade no aprendizado, comunicação entre outros usuários e terão todo o conteúdo explicativo sobre o acrônimo.']"
17,8,17_parlamentares_eleies_dados_posicionamento,"['parlamentares', 'eleies', 'dados', 'posicionamento', 'transparncia', 'reunies', 'sobre', 'sociedade', 'votaes', 'urnas']","['após os históricos e correntes eventos políticos envolvendo corrupção e uso inadequado do dinheiro público, a transparência na administração pública tornou-se um tema popular e ações, como vidinha de balada[ ] e brasil.io[ ], foram criadas para fiscalizar e compreender o uso do dinheiro no poder executivo e legislativo. porém, pouco tem sido feito para melhorar a transparência dos gastos no sistema judiciário brasileiro. as conhecidas lei de acesso à informação (brasil, ) e lei de responsabilidade fiscal (brasil, ) exigem que os órgãos públicos disponibilizem seus dados de gastos na internet, mas não especifica a forma como devem ser disponibilizados, levando a dados descentralizados e não estruturados. projetos recentes de recuperação e libertação de dados, como o dadosjusbr [ ], buscam disponibilizar dados estruturados sobre remunerações do sistema judiciário brasileiro. entretanto, mesmo com esse nível de organização, a compreensão da sociedade sobre os dados é limitada. por exemplo, não é trivial entender como é constituída a remuneração de um funcionário, quais benefícios são usados com mais frequência e por quais cargos, se em determinada época do ano é mais comum o uso de algum auxílio, dentre outras informações. isso ocorre devido a escassez de análises descritivas, visualizações e interpretações que mostrem para a sociedade aspectos de como esses gastos são realizados e distribuídos. desta forma, este trabalho tem como objetivo gerar análises descritivas sobre dados de remuneração do sistema judiciário e desenvolver técnicas e resultados que possibilitem uma melhor compreensão de suas características e particularidades, promovendo um maior controle social sobre essas despesas.', 'as redes sociais tornaram-se uma importante plataforma de posicionamento político dos parlamentares fora do congresso brasileiro. especialmente o twitter, que atualmente reúne perfis de % dos parlamentares. apesar dessa importância como difusor não oficial do discurso político, existem poucos estudos que analisam o posicionamento, a atuação e a influência dos parlamentares na plataforma (e.g. parlamentares e partidos mais ativos, engajamento dos parlamentares, proposições mais mencionadas, etc.). desta forma, este trabalho tem como principal objetivo analisar quantitativamente a influência e atuação dos parlamentares brasileiros no twitter, além de seu comportamento na rede. análises dessa natureza possibilitam que a população acompanhe e fiscalize o posicionamento e o comportamento de parlamentares fora do congresso sobre temas fundamentais à sociedade. além do mais, permite compreender como as redes sociais podem ser utilizadas como um elemento fundamental no processo de comunicação entre a sociedade civil e o setor político.', 'o poder legislativo no brasil é uma das três funções essenciais do estado. no entanto, há um desafio evidente em relação ao acompanhamento das discussões nos órgãos públicos por parte da população. isso se deve à extensão considerável e ao volume significativo dessas reuniões, tornando-as inacessíveis para muitos cidadãos. para enfrentar esse desafio, este estudo utilizou as notas taquigráficas do senado federal do ano de , que são transcrições dos debates parlamentares, com o objetivo de avaliar o potencial de grandes modelos de linguagem (do inglês, large language models-llms), de detectar tópicos relevantes discutidos pelos parlamentares e o posicionamento deles em relação a esses tópicos, classificando-os como a favor, neutro ou contra. foram realizados experimentos, ambos utilizando o modelo gpt- . -turbo, para as tarefas mencionadas. o primeiro experimento empregou uma técnica de compressão de dados antes de fornecer a entrada para o gpt e abrangeu reuniões de diferentes tamanhos. o segundo experimento não envolveu compressão e focou apenas em reuniões pequenas. os resultados indicam que o modelo teve um desempenho superior para reuniões pequenas. além disso, em um panorama geral para reuniões independentes de tamanho, o modelo teve um desempenho superior na tarefa de detecção de tópicos, com uma precisão média de aproximadamente %, enquanto na detecção de posicionamento teve um desempenho razoável com uma precisão média de aproximadamente %.']"
